id,pregunta
[0],NodeJS Mongodriver Aggregate with lookup doesn't join my fields as expected
[1],Oracle SQL ternary operator or function?
[2],How can I scale or convert variables value with eclipse debuger?
[3],R Markdown beamer presentation apalike citation
[4],Livedata is null when retrieving values
[5],binary search tree implementation insert function gives error
[6],Set up a chat room and generate a random number with symfony5
[7],"$.get is not a function, Synchronous XMLHttpRequest on the main thread is deprecated"
[8],How to visualize a 5-D mix data using bubble charts?
[9],Passing model to _Layout.cshtml (webapp version)
[10],How to import a CSV file with dot as thousand separator into PostgreSQL
[11],How can i find the exact location of a CSS code
[12],How do you handle button clicks programmatically?
[13],ocLazyLoad and mathjs
[14],how to create a stored procedure that will update a table
[15],SwitchMaterial doesn't change textStyle after applying style
[16],Javascript: Can I query for only the next n elements after a certain class?
[17],Place node in front of the camera and rotate
[18],Problem while training my model : when i called the model.fit(…) function I get TypeError: 'NoneType' object is not callable
[19],"UWP Task.Run(async () => {line0, line1, …}); not processing all lines on Task, what im doing wrong?"
[20],How to best add portamento to a currently playing note in an app that includes AudioKit?
[21],custom callout on MKMapView
[22],Express or Axios Error: socket hang up code: ECONNRESET
[23],TypeError: cannot pickle '_thread.RLock' object concurrent futures
[24],Blazor hosted debugger issue
[25],"Hello , I don't know why my NavBar is not sticky even if position is sticky and top:0?"
[26],Left Merge Creating New Rows
[27],create a columns with a conditional value
[28],"vbcc compiler complains: file 'stdio.h' not found, but it is in the 'include' directory"
[29],Google Cloud instance suddenly cannot access internet
[30],can i force heroku to run my app on http instead of https ? nodejs
[31],Scale a pyplot plot while keeping the x to y ratio intact
[32],What is the practical use of Stream.empty?
[33],Getting javax.jms.JMSSecurityException: Not permitted while trying to perform sender action through java code
[34],Graphviz - default subgraph / cluster style
[35],mongoose plugin doesn't hook on findOneAndUpdate
[36],how can fetch data from sql database using php as backend and react js as front end?
[37],"I am trying to reverse an int using java, for some reason when given 0001234 my program somehow reads this as 668 and returns 886 [duplicate]"
[38],How do I create a dummy variable that equals 1 when two id's match each other?
[39],How do I return only two fields from two separate tables using Hibernate?
[40],Cannot make sense of this Crashlog
[41],Errno 2 - No such file or directory when executing python -m pip install --user numpy scipy matplotlib ipython jupyter pandas sympy nose
[42],VBA Outlook: Check if NavigationGroup Favorites is shown in the NavigationPane in the MailModule
[43],"Classifying a number as big, medium, or small using prolog?"
[44],Assets Image as Background Image (UIKit via Code)
[45],Why does my bot not detect people in a role?
[46],Generate dynamic subnets with terraform
[47],One-to-one mapping with primary key (got an exceptions)
[48],Is it possible to use an association in several associations-classes?
[49],who was the inventor of the strand sort ordering algorithm?
